{
  "major_name": {
    "precision": 0.8076923076923077,
    "recall": 0.025609756097560974,
    "f1-score": 0.04964539007092198,
    "support": 1640,
    "confused_with": {}
  },
  "micro avg": {
    "precision": 0.8076923076923077,
    "recall": 0.025609756097560974,
    "f1-score": 0.04964539007092198,
    "support": 1640
  },
  "macro avg": {
    "precision": 0.8076923076923077,
    "recall": 0.025609756097560974,
    "f1-score": 0.04964539007092198,
    "support": 1640
  },
  "weighted avg": {
    "precision": 0.8076923076923078,
    "recall": 0.025609756097560974,
    "f1-score": 0.04964539007092198,
    "support": 1640
  },
  "accuracy": 0.8764502497118709
}