{
  "major_name": {
    "precision": 0.9170653907496013,
    "recall": 0.9349593495934959,
    "f1-score": 0.9259259259259259,
    "support": 2460,
    "confused_with": {}
  },
  "micro avg": {
    "precision": 0.9170653907496013,
    "recall": 0.9349593495934959,
    "f1-score": 0.9259259259259259,
    "support": 2460
  },
  "macro avg": {
    "precision": 0.9170653907496013,
    "recall": 0.9349593495934959,
    "f1-score": 0.9259259259259259,
    "support": 2460
  },
  "weighted avg": {
    "precision": 0.9170653907496014,
    "recall": 0.9349593495934959,
    "f1-score": 0.9259259259259259,
    "support": 2460
  },
  "accuracy": 0.9758324029684113
}