{
  "chao_tam_biet": {
    "precision": 0.9473684210526315,
    "recall": 0.9,
    "f1-score": 0.9230769230769231,
    "support": 20,
    "confused_with": {
      "chuong_trinh_dao_tao": 1,
      "cam_on": 1
    }
  },
  "challenge_bot": {
    "precision": 0.9736842105263158,
    "recall": 0.9736842105263158,
    "f1-score": 0.9736842105263158,
    "support": 38,
    "confused_with": {
      "chao_hoi": 1
    }
  },
  "ask_major_code": {
    "precision": 1.0,
    "recall": 0.6666666666666666,
    "f1-score": 0.8,
    "support": 6,
    "confused_with": {
      "diem_xet_tuyen": 1,
      "chi_tieu_tuyen_sinh": 1
    }
  },
  "hoc_phi": {
    "precision": 0.963302752293578,
    "recall": 0.9813084112149533,
    "f1-score": 0.9722222222222222,
    "support": 214,
    "confused_with": {
      "nganh_dao_tao": 2,
      "xet_tuyen_hoc_ba": 1
    }
  },
  "chi_tieu_tuyen_sinh": {
    "precision": 0.90625,
    "recall": 0.8285714285714286,
    "f1-score": 0.8656716417910447,
    "support": 70,
    "confused_with": {
      "diem_xet_tuyen": 4,
      "nganh_dao_tao": 3
    }
  },
  "chuong_trinh_dao_tao": {
    "precision": 0.8321678321678322,
    "recall": 0.8439716312056738,
    "f1-score": 0.8380281690140846,
    "support": 141,
    "confused_with": {
      "nganh_dao_tao": 11,
      "co_hoi_viec_lam_sau_tn": 5
    }
  },
  "co_hoi_viec_lam_sau_tn": {
    "precision": 0.89,
    "recall": 0.8811881188118812,
    "f1-score": 0.8855721393034827,
    "support": 101,
    "confused_with": {
      "chuong_trinh_dao_tao": 5,
      "nganh_dao_tao": 3
    }
  },
  "cam_on": {
    "precision": 0.9545454545454546,
    "recall": 0.7,
    "f1-score": 0.8076923076923077,
    "support": 30,
    "confused_with": {
      "chao_hoi": 3,
      "nganh_dao_tao": 2
    }
  },
  "nganh_dao_tao": {
    "precision": 0.8685714285714285,
    "recall": 0.8636363636363636,
    "f1-score": 0.8660968660968661,
    "support": 176,
    "confused_with": {
      "chuong_trinh_dao_tao": 14,
      "hoc_phi": 4
    }
  },
  "xet_tuyen_hoc_ba": {
    "precision": 0.9252873563218391,
    "recall": 0.9415204678362573,
    "f1-score": 0.9333333333333333,
    "support": 171,
    "confused_with": {
      "diem_xet_tuyen": 5,
      "nganh_dao_tao": 2
    }
  },
  "diem_xet_tuyen": {
    "precision": 0.9354838709677419,
    "recall": 0.9666666666666667,
    "f1-score": 0.9508196721311476,
    "support": 210,
    "confused_with": {
      "xet_tuyen_hoc_ba": 3,
      "chi_tieu_tuyen_sinh": 3
    }
  },
  "chao_hoi": {
    "precision": 0.8823529411764706,
    "recall": 0.967741935483871,
    "f1-score": 0.923076923076923,
    "support": 31,
    "confused_with": {
      "xet_tuyen_hoc_ba": 1
    }
  },
  "accuracy": 0.9122516556291391,
  "macro avg": {
    "precision": 0.9232511889686076,
    "recall": 0.8762463250516731,
    "f1-score": 0.8949395340220544,
    "support": 1208
  },
  "weighted avg": {
    "precision": 0.9124925073039806,
    "recall": 0.9122516556291391,
    "f1-score": 0.9114819538657681,
    "support": 1208
  },
  "micro avg": {
    "precision": 0.9122516556291391,
    "recall": 0.9122516556291391,
    "f1-score": 0.9122516556291391,
    "support": 1208
  }
}