{
  "major_name": {
    "precision": 0.8408953418027828,
    "recall": 0.8475609756097561,
    "f1-score": 0.8442150015183723,
    "support": 1640,
    "confused_with": {}
  },
  "micro avg": {
    "precision": 0.8408953418027828,
    "recall": 0.8475609756097561,
    "f1-score": 0.8442150015183723,
    "support": 1640
  },
  "macro avg": {
    "precision": 0.8408953418027828,
    "recall": 0.8475609756097561,
    "f1-score": 0.8442150015183723,
    "support": 1640
  },
  "weighted avg": {
    "precision": 0.8408953418027829,
    "recall": 0.8475609756097561,
    "f1-score": 0.8442150015183723,
    "support": 1640
  },
  "accuracy": 0.9605657621646553
}