{
  "major_name": {
    "precision": 0.9317554240631164,
    "recall": 0.9601626016260163,
    "f1-score": 0.9457457457457458,
    "support": 2460,
    "confused_with": {}
  },
  "micro avg": {
    "precision": 0.9317554240631164,
    "recall": 0.9601626016260163,
    "f1-score": 0.9457457457457458,
    "support": 2460
  },
  "macro avg": {
    "precision": 0.9317554240631164,
    "recall": 0.9601626016260163,
    "f1-score": 0.9457457457457458,
    "support": 2460
  },
  "weighted avg": {
    "precision": 0.9317554240631164,
    "recall": 0.9601626016260163,
    "f1-score": 0.9457457457457458,
    "support": 2460
  },
  "accuracy": 0.9822026663164116
}