{
  "cam_on": {
    "precision": 0.9259259259259259,
    "recall": 0.8333333333333334,
    "f1-score": 0.8771929824561403,
    "support": 30,
    "confused_with": {
      "chao_hoi": 2,
      "challenge_bot": 2
    }
  },
  "challenge_bot": {
    "precision": 0.918918918918919,
    "recall": 0.8947368421052632,
    "f1-score": 0.9066666666666667,
    "support": 38,
    "confused_with": {
      "chao_hoi": 3,
      "cam_on": 1
    }
  },
  "chao_tam_biet": {
    "precision": 1.0,
    "recall": 0.95,
    "f1-score": 0.9743589743589743,
    "support": 20,
    "confused_with": {
      "cam_on": 1
    }
  },
  "chao_hoi": {
    "precision": 0.84375,
    "recall": 0.8709677419354839,
    "f1-score": 0.8571428571428571,
    "support": 31,
    "confused_with": {
      "nganh_dao_tao": 3,
      "challenge_bot": 1
    }
  },
  "nganh_dao_tao": {
    "precision": 0.8602150537634409,
    "recall": 0.9090909090909091,
    "f1-score": 0.8839779005524862,
    "support": 176,
    "confused_with": {
      "chuong_trinh_dao_tao": 8,
      "hoc_phi": 3
    }
  },
  "diem_xet_tuyen": {
    "precision": 0.926605504587156,
    "recall": 0.9619047619047619,
    "f1-score": 0.9439252336448597,
    "support": 210,
    "confused_with": {
      "xet_tuyen_hoc_ba": 3,
      "hoc_phi": 2
    }
  },
  "chuong_trinh_dao_tao": {
    "precision": 0.912,
    "recall": 0.8085106382978723,
    "f1-score": 0.8571428571428571,
    "support": 141,
    "confused_with": {
      "nganh_dao_tao": 13,
      "diem_xet_tuyen": 4
    }
  },
  "chi_tieu_tuyen_sinh": {
    "precision": 0.9393939393939394,
    "recall": 0.8857142857142857,
    "f1-score": 0.9117647058823529,
    "support": 70,
    "confused_with": {
      "diem_xet_tuyen": 5,
      "xet_tuyen_hoc_ba": 1
    }
  },
  "co_hoi_viec_lam_sau_tn": {
    "precision": 0.9215686274509803,
    "recall": 0.9306930693069307,
    "f1-score": 0.9261083743842364,
    "support": 101,
    "confused_with": {
      "nganh_dao_tao": 2,
      "chuong_trinh_dao_tao": 2
    }
  },
  "hoc_phi": {
    "precision": 0.9585253456221198,
    "recall": 0.9719626168224299,
    "f1-score": 0.9651972157772621,
    "support": 214,
    "confused_with": {
      "nganh_dao_tao": 4,
      "diem_xet_tuyen": 1
    }
  },
  "ask_major_code": {
    "precision": 1.0,
    "recall": 1.0,
    "f1-score": 1.0,
    "support": 6,
    "confused_with": {}
  },
  "xet_tuyen_hoc_ba": {
    "precision": 0.9479768786127167,
    "recall": 0.9590643274853801,
    "f1-score": 0.9534883720930233,
    "support": 171,
    "confused_with": {
      "diem_xet_tuyen": 4,
      "nganh_dao_tao": 2
    }
  },
  "accuracy": 0.9230132450331126,
  "macro avg": {
    "precision": 0.9295733495229332,
    "recall": 0.9146648771663876,
    "f1-score": 0.9214138450084763,
    "support": 1208
  },
  "weighted avg": {
    "precision": 0.9234225409423825,
    "recall": 0.9230132450331126,
    "f1-score": 0.922556684034967,
    "support": 1208
  },
  "micro avg": {
    "precision": 0.9230132450331126,
    "recall": 0.9230132450331126,
    "f1-score": 0.9230132450331126,
    "support": 1208
  }
}