{
  "major_name": {
    "precision": 0.8483709273182958,
    "recall": 0.8256097560975609,
    "f1-score": 0.8368355995055625,
    "support": 1640,
    "confused_with": {}
  },
  "micro avg": {
    "precision": 0.8483709273182958,
    "recall": 0.8256097560975609,
    "f1-score": 0.8368355995055625,
    "support": 1640
  },
  "macro avg": {
    "precision": 0.8483709273182958,
    "recall": 0.8256097560975609,
    "f1-score": 0.8368355995055625,
    "support": 1640
  },
  "weighted avg": {
    "precision": 0.8483709273182958,
    "recall": 0.8256097560975609,
    "f1-score": 0.8368355995055625,
    "support": 1640
  },
  "accuracy": 0.9594127142747328
}