{
  "diem_xet_tuyen": {
    "precision": 0.835820895522388,
    "recall": 0.8704663212435233,
    "f1-score": 0.8527918781725888,
    "support": 193,
    "confused_with": {
      "xet_tuyen_hoc_ba": 11,
      "hoc_phi": 4
    }
  },
  "ask_major_code": {
    "precision": 0.8571428571428571,
    "recall": 1.0,
    "f1-score": 0.923076923076923,
    "support": 6,
    "confused_with": {}
  },
  "chao_tam_biet": {
    "precision": 0.8888888888888888,
    "recall": 0.8,
    "f1-score": 0.8421052631578948,
    "support": 20,
    "confused_with": {
      "chuong_trinh_dao_tao": 2,
      "nganh_dao_tao": 1
    }
  },
  "hoc_phi": {
    "precision": 0.9137931034482759,
    "recall": 0.9244186046511628,
    "f1-score": 0.9190751445086706,
    "support": 172,
    "confused_with": {
      "chuong_trinh_dao_tao": 7,
      "diem_xet_tuyen": 3
    }
  },
  "chuong_trinh_dao_tao": {
    "precision": 0.6616541353383458,
    "recall": 0.6984126984126984,
    "f1-score": 0.6795366795366795,
    "support": 126,
    "confused_with": {
      "nganh_dao_tao": 13,
      "co_hoi_viec_lam_sau_tn": 11
    }
  },
  "challenge_bot": {
    "precision": 0.8947368421052632,
    "recall": 0.8947368421052632,
    "f1-score": 0.8947368421052632,
    "support": 38,
    "confused_with": {
      "chao_hoi": 3,
      "nganh_dao_tao": 1
    }
  },
  "nganh_dao_tao": {
    "precision": 0.5344827586206896,
    "recall": 0.4189189189189189,
    "f1-score": 0.46969696969696967,
    "support": 74,
    "confused_with": {
      "chuong_trinh_dao_tao": 21,
      "co_hoi_viec_lam_sau_tn": 7
    }
  },
  "xet_tuyen_hoc_ba": {
    "precision": 0.7647058823529411,
    "recall": 0.7065217391304348,
    "f1-score": 0.7344632768361581,
    "support": 92,
    "confused_with": {
      "diem_xet_tuyen": 15,
      "chuong_trinh_dao_tao": 6
    }
  },
  "chao_hoi": {
    "precision": 0.625,
    "recall": 0.6818181818181818,
    "f1-score": 0.6521739130434783,
    "support": 22,
    "confused_with": {
      "nganh_dao_tao": 2,
      "challenge_bot": 2
    }
  },
  "chi_tieu_tuyen_sinh": {
    "precision": 0.9076923076923077,
    "recall": 0.8428571428571429,
    "f1-score": 0.8740740740740741,
    "support": 70,
    "confused_with": {
      "diem_xet_tuyen": 5,
      "xet_tuyen_hoc_ba": 2
    }
  },
  "cam_on": {
    "precision": 0.9230769230769231,
    "recall": 0.8,
    "f1-score": 0.8571428571428571,
    "support": 30,
    "confused_with": {
      "chao_hoi": 4,
      "chao_tam_biet": 2
    }
  },
  "co_hoi_viec_lam_sau_tn": {
    "precision": 0.7913043478260869,
    "recall": 0.900990099009901,
    "f1-score": 0.8425925925925927,
    "support": 101,
    "confused_with": {
      "chuong_trinh_dao_tao": 6,
      "nganh_dao_tao": 3
    }
  },
  "accuracy": 0.8008474576271186,
  "macro avg": {
    "precision": 0.7998582451679139,
    "recall": 0.7949283790122689,
    "f1-score": 0.7951222011620126,
    "support": 944
  },
  "weighted avg": {
    "precision": 0.798286097751903,
    "recall": 0.8008474576271186,
    "f1-score": 0.7980395040580759,
    "support": 944
  },
  "micro avg": {
    "precision": 0.8008474576271186,
    "recall": 0.8008474576271186,
    "f1-score": 0.8008474576271186,
    "support": 944
  }
}