{
  "major_name": {
    "precision": 0.7634831460674157,
    "recall": 0.8261398176291793,
    "f1-score": 0.7935766423357664,
    "support": 1645,
    "confused_with": {}
  },
  "micro avg": {
    "precision": 0.7634831460674157,
    "recall": 0.8261398176291793,
    "f1-score": 0.7935766423357664,
    "support": 1645
  },
  "macro avg": {
    "precision": 0.7634831460674157,
    "recall": 0.8261398176291793,
    "f1-score": 0.7935766423357664,
    "support": 1645
  },
  "weighted avg": {
    "precision": 0.7634831460674157,
    "recall": 0.8261398176291793,
    "f1-score": 0.7935766423357664,
    "support": 1645
  },
  "accuracy": 0.9457655722614299
}