{
  "major_name": {
    "precision": 0.871825876662636,
    "recall": 0.8792682926829268,
    "f1-score": 0.8755312689738919,
    "support": 1640,
    "confused_with": {}
  },
  "micro avg": {
    "precision": 0.871825876662636,
    "recall": 0.8792682926829268,
    "f1-score": 0.8755312689738919,
    "support": 1640
  },
  "macro avg": {
    "precision": 0.871825876662636,
    "recall": 0.8792682926829268,
    "f1-score": 0.8755312689738919,
    "support": 1640
  },
  "weighted avg": {
    "precision": 0.871825876662636,
    "recall": 0.8792682926829268,
    "f1-score": 0.8755312689738919,
    "support": 1640
  },
  "accuracy": 0.9684833576754555
}