{
  "major_name": {
    "precision": 0.9352776667998401,
    "recall": 0.9516260162601626,
    "f1-score": 0.9433810195446303,
    "support": 2460,
    "confused_with": {}
  },
  "micro avg": {
    "precision": 0.9352776667998401,
    "recall": 0.9516260162601626,
    "f1-score": 0.9433810195446303,
    "support": 2460
  },
  "macro avg": {
    "precision": 0.9352776667998401,
    "recall": 0.9516260162601626,
    "f1-score": 0.9433810195446303,
    "support": 2460
  },
  "weighted avg": {
    "precision": 0.93527766679984,
    "recall": 0.9516260162601626,
    "f1-score": 0.9433810195446304,
    "support": 2460
  },
  "accuracy": 0.9815459381362054
}