{
  "chuong_trinh_dao_tao": {
    "precision": 0.8345323741007195,
    "recall": 0.8226950354609929,
    "f1-score": 0.8285714285714286,
    "support": 141,
    "confused_with": {
      "nganh_dao_tao": 12,
      "co_hoi_viec_lam_sau_tn": 5
    }
  },
  "ask_major_code": {
    "precision": 1.0,
    "recall": 1.0,
    "f1-score": 1.0,
    "support": 6,
    "confused_with": {}
  },
  "xet_tuyen_hoc_ba": {
    "precision": 0.9322033898305084,
    "recall": 0.9649122807017544,
    "f1-score": 0.9482758620689654,
    "support": 171,
    "confused_with": {
      "diem_xet_tuyen": 3,
      "nganh_dao_tao": 2
    }
  },
  "diem_xet_tuyen": {
    "precision": 0.9398148148148148,
    "recall": 0.9666666666666667,
    "f1-score": 0.9530516431924883,
    "support": 210,
    "confused_with": {
      "xet_tuyen_hoc_ba": 2,
      "hoc_phi": 2
    }
  },
  "co_hoi_viec_lam_sau_tn": {
    "precision": 0.9207920792079208,
    "recall": 0.9207920792079208,
    "f1-score": 0.9207920792079208,
    "support": 101,
    "confused_with": {
      "nganh_dao_tao": 2,
      "diem_xet_tuyen": 2
    }
  },
  "chi_tieu_tuyen_sinh": {
    "precision": 0.9523809523809523,
    "recall": 0.8571428571428571,
    "f1-score": 0.9022556390977443,
    "support": 70,
    "confused_with": {
      "diem_xet_tuyen": 5,
      "xet_tuyen_hoc_ba": 2
    }
  },
  "chao_tam_biet": {
    "precision": 1.0,
    "recall": 0.95,
    "f1-score": 0.9743589743589743,
    "support": 20,
    "confused_with": {
      "cam_on": 1
    }
  },
  "nganh_dao_tao": {
    "precision": 0.8742857142857143,
    "recall": 0.8693181818181818,
    "f1-score": 0.8717948717948718,
    "support": 176,
    "confused_with": {
      "chuong_trinh_dao_tao": 17,
      "hoc_phi": 3
    }
  },
  "hoc_phi": {
    "precision": 0.9631336405529954,
    "recall": 0.9766355140186916,
    "f1-score": 0.9698375870069607,
    "support": 214,
    "confused_with": {
      "nganh_dao_tao": 3,
      "xet_tuyen_hoc_ba": 1
    }
  },
  "challenge_bot": {
    "precision": 0.9024390243902439,
    "recall": 0.9736842105263158,
    "f1-score": 0.9367088607594938,
    "support": 38,
    "confused_with": {
      "chao_hoi": 1
    }
  },
  "chao_hoi": {
    "precision": 0.9333333333333333,
    "recall": 0.9032258064516129,
    "f1-score": 0.9180327868852459,
    "support": 31,
    "confused_with": {
      "xet_tuyen_hoc_ba": 1,
      "chuong_trinh_dao_tao": 1
    }
  },
  "cam_on": {
    "precision": 0.9583333333333334,
    "recall": 0.7666666666666667,
    "f1-score": 0.8518518518518519,
    "support": 30,
    "confused_with": {
      "challenge_bot": 3,
      "chuong_trinh_dao_tao": 2
    }
  },
  "accuracy": 0.9205298013245033,
  "macro avg": {
    "precision": 0.9342707213525446,
    "recall": 0.914311608221805,
    "f1-score": 0.9229609653996621,
    "support": 1208
  },
  "weighted avg": {
    "precision": 0.9205832146024715,
    "recall": 0.9205298013245033,
    "f1-score": 0.9200002589818334,
    "support": 1208
  },
  "micro avg": {
    "precision": 0.9205298013245033,
    "recall": 0.9205298013245033,
    "f1-score": 0.9205298013245033,
    "support": 1208
  }
}