{
  "major_name": {
    "precision": 0.8046789989118607,
    "recall": 0.8990881458966565,
    "f1-score": 0.8492678725236864,
    "support": 1645,
    "confused_with": {}
  },
  "micro avg": {
    "precision": 0.8046789989118607,
    "recall": 0.8990881458966565,
    "f1-score": 0.8492678725236864,
    "support": 1645
  },
  "macro avg": {
    "precision": 0.8046789989118607,
    "recall": 0.8990881458966565,
    "f1-score": 0.8492678725236864,
    "support": 1645
  },
  "weighted avg": {
    "precision": 0.8046789989118607,
    "recall": 0.8990881458966565,
    "f1-score": 0.8492678725236864,
    "support": 1645
  },
  "accuracy": 0.9597269100951212
}