{
  "nganh_dao_tao": {
    "precision": 0.5094339622641509,
    "recall": 0.36486486486486486,
    "f1-score": 0.4251968503937008,
    "support": 74,
    "confused_with": {
      "chuong_trinh_dao_tao": 19,
      "diem_xet_tuyen": 9
    }
  },
  "chuong_trinh_dao_tao": {
    "precision": 0.6929824561403509,
    "recall": 0.626984126984127,
    "f1-score": 0.6583333333333333,
    "support": 126,
    "confused_with": {
      "nganh_dao_tao": 15,
      "co_hoi_viec_lam_sau_tn": 9
    }
  },
  "xet_tuyen_hoc_ba": {
    "precision": 0.735632183908046,
    "recall": 0.6881720430107527,
    "f1-score": 0.7111111111111111,
    "support": 93,
    "confused_with": {
      "diem_xet_tuyen": 23,
      "chi_tieu_tuyen_sinh": 3
    }
  },
  "challenge_bot": {
    "precision": 0.9230769230769231,
    "recall": 0.9473684210526315,
    "f1-score": 0.935064935064935,
    "support": 38,
    "confused_with": {
      "hoc_phi": 1,
      "chao_hoi": 1
    }
  },
  "chao_hoi": {
    "precision": 0.52,
    "recall": 0.5909090909090909,
    "f1-score": 0.5531914893617023,
    "support": 22,
    "confused_with": {
      "diem_xet_tuyen": 2,
      "chao_tam_biet": 2
    }
  },
  "chao_tam_biet": {
    "precision": 0.75,
    "recall": 0.75,
    "f1-score": 0.75,
    "support": 20,
    "confused_with": {
      "chao_hoi": 2,
      "hoc_phi": 1
    }
  },
  "chi_tieu_tuyen_sinh": {
    "precision": 0.8309859154929577,
    "recall": 0.8428571428571429,
    "f1-score": 0.8368794326241136,
    "support": 70,
    "confused_with": {
      "diem_xet_tuyen": 6,
      "nganh_dao_tao": 3
    }
  },
  "hoc_phi": {
    "precision": 0.8950276243093923,
    "recall": 0.9418604651162791,
    "f1-score": 0.9178470254957508,
    "support": 172,
    "confused_with": {
      "diem_xet_tuyen": 4,
      "chuong_trinh_dao_tao": 4
    }
  },
  "diem_xet_tuyen": {
    "precision": 0.776255707762557,
    "recall": 0.8717948717948718,
    "f1-score": 0.8212560386473431,
    "support": 195,
    "confused_with": {
      "xet_tuyen_hoc_ba": 10,
      "chi_tieu_tuyen_sinh": 5
    }
  },
  "ask_major_code": {
    "precision": 0.8571428571428571,
    "recall": 1.0,
    "f1-score": 0.923076923076923,
    "support": 6,
    "confused_with": {}
  },
  "co_hoi_viec_lam_sau_tn": {
    "precision": 0.822429906542056,
    "recall": 0.8712871287128713,
    "f1-score": 0.8461538461538461,
    "support": 101,
    "confused_with": {
      "chuong_trinh_dao_tao": 6,
      "nganh_dao_tao": 5
    }
  },
  "cam_on": {
    "precision": 0.9166666666666666,
    "recall": 0.7333333333333333,
    "f1-score": 0.8148148148148148,
    "support": 30,
    "confused_with": {
      "chao_hoi": 6,
      "chao_tam_biet": 2
    }
  },
  "accuracy": 0.7824709609292503,
  "macro avg": {
    "precision": 0.7691361836088296,
    "recall": 0.7691192907196638,
    "f1-score": 0.7660771500064646,
    "support": 947
  },
  "weighted avg": {
    "precision": 0.7752233632995021,
    "recall": 0.7824709609292503,
    "f1-score": 0.7764426623131211,
    "support": 947
  },
  "micro avg": {
    "precision": 0.7824709609292503,
    "recall": 0.7824709609292503,
    "f1-score": 0.7824709609292503,
    "support": 947
  }
}