{
  "major_name": {
    "precision": 0.8116197183098591,
    "recall": 0.8432926829268292,
    "f1-score": 0.8271531100478469,
    "support": 1640,
    "confused_with": {}
  },
  "micro avg": {
    "precision": 0.8116197183098591,
    "recall": 0.8432926829268292,
    "f1-score": 0.8271531100478469,
    "support": 1640
  },
  "macro avg": {
    "precision": 0.8116197183098591,
    "recall": 0.8432926829268292,
    "f1-score": 0.8271531100478469,
    "support": 1640
  },
  "weighted avg": {
    "precision": 0.8116197183098591,
    "recall": 0.8432926829268292,
    "f1-score": 0.8271531100478469,
    "support": 1640
  },
  "accuracy": 0.955569221308325
}