{
  "cam_on": {
    "precision": 0.8148148148148148,
    "recall": 0.7333333333333333,
    "f1-score": 0.7719298245614035,
    "support": 30,
    "confused_with": {
      "chao_tam_biet": 4,
      "chuong_trinh_dao_tao": 1
    }
  },
  "chi_tieu_tuyen_sinh": {
    "precision": 0.7916666666666666,
    "recall": 0.8142857142857143,
    "f1-score": 0.8028169014084506,
    "support": 70,
    "confused_with": {
      "diem_xet_tuyen": 4,
      "xet_tuyen_hoc_ba": 3
    }
  },
  "xet_tuyen_hoc_ba": {
    "precision": 0.7837837837837838,
    "recall": 0.6304347826086957,
    "f1-score": 0.6987951807228915,
    "support": 92,
    "confused_with": {
      "diem_xet_tuyen": 25,
      "chuong_trinh_dao_tao": 6
    }
  },
  "challenge_bot": {
    "precision": 0.8809523809523809,
    "recall": 0.9736842105263158,
    "f1-score": 0.925,
    "support": 38,
    "confused_with": {
      "chuong_trinh_dao_tao": 1
    }
  },
  "chao_hoi": {
    "precision": 0.8571428571428571,
    "recall": 0.5454545454545454,
    "f1-score": 0.6666666666666665,
    "support": 22,
    "confused_with": {
      "cam_on": 3,
      "chuong_trinh_dao_tao": 2
    }
  },
  "chao_tam_biet": {
    "precision": 0.75,
    "recall": 0.75,
    "f1-score": 0.75,
    "support": 20,
    "confused_with": {
      "chuong_trinh_dao_tao": 2,
      "challenge_bot": 2
    }
  },
  "co_hoi_viec_lam_sau_tn": {
    "precision": 0.7931034482758621,
    "recall": 0.9108910891089109,
    "f1-score": 0.8479262672811061,
    "support": 101,
    "confused_with": {
      "chuong_trinh_dao_tao": 8,
      "diem_xet_tuyen": 1
    }
  },
  "nganh_dao_tao": {
    "precision": 0.6551724137931034,
    "recall": 0.25675675675675674,
    "f1-score": 0.36893203883495146,
    "support": 74,
    "confused_with": {
      "chuong_trinh_dao_tao": 26,
      "co_hoi_viec_lam_sau_tn": 11
    }
  },
  "chuong_trinh_dao_tao": {
    "precision": 0.6293706293706294,
    "recall": 0.7142857142857143,
    "f1-score": 0.6691449814126395,
    "support": 126,
    "confused_with": {
      "co_hoi_viec_lam_sau_tn": 11,
      "nganh_dao_tao": 8
    }
  },
  "diem_xet_tuyen": {
    "precision": 0.8119266055045872,
    "recall": 0.917098445595855,
    "f1-score": 0.8613138686131387,
    "support": 193,
    "confused_with": {
      "xet_tuyen_hoc_ba": 6,
      "chi_tieu_tuyen_sinh": 4
    }
  },
  "hoc_phi": {
    "precision": 0.8972972972972973,
    "recall": 0.9651162790697675,
    "f1-score": 0.9299719887955182,
    "support": 172,
    "confused_with": {
      "chuong_trinh_dao_tao": 3,
      "diem_xet_tuyen": 2
    }
  },
  "ask_major_code": {
    "precision": 0.75,
    "recall": 0.5,
    "f1-score": 0.6,
    "support": 6,
    "confused_with": {
      "chi_tieu_tuyen_sinh": 2,
      "nganh_dao_tao": 1
    }
  },
  "accuracy": 0.7923728813559322,
  "macro avg": {
    "precision": 0.7846025748001653,
    "recall": 0.7259450725854674,
    "f1-score": 0.7410414765247304,
    "support": 944
  },
  "weighted avg": {
    "precision": 0.7867864711306399,
    "recall": 0.7923728813559322,
    "f1-score": 0.7791350120454893,
    "support": 944
  },
  "micro avg": {
    "precision": 0.7923728813559322,
    "recall": 0.7923728813559322,
    "f1-score": 0.7923728813559322,
    "support": 944
  }
}